title,price,location
Super NES Nintendo Scope Receive with Game,€25,Portlaoise
149 Games PS Classic Playstation Classic Mini With SNES NES Genesis,€80,Kilbeggan
Gameboy style NES handheld 168 games,€13,Lucan
HDMI Mini Nes Clone Console with OVER 616 Oldskool Retro Games!!!!,€75,Kildare
Nintendo Nes Game Totally Rad boxed,€35,Gorey
Nintendo Nes Game Totally Rad boxed,€35,Gorey
Nintendo Nes Game Totally Rad boxed,€35,Gorey
620 games in 1 Retro nes games console.,€40,Enniscorthy
Mega Drive Fifa 95 and NES The Punisher Games,€10,Portlaoise
HDMI Mini Nes Clone Console with OVER 616 Oldskool Retro Games!!!!,€75,Kildare
NES Mini BIG G 1004 games Official NES Mini Nintendo Classic Console,€100,Kilbeggan
Castlevannia Simon's Quest Video Game for Nintendo NES PAL,€40,Gorey
Mini NES 620 Games,€55,Portlaoise
"Games 1985 , Nintendo Entertainment System NES",€45,Portlaoise
Nintendo NES - Game - World Wrestling - Cart Only,€10,Wexford Town
Nintendo NES Game Bundle And Two Carey Cases,€275,Gorey
Mini Nes HDMI Clone Console with OVER 585 Games!!! ---Limited Amount Available---,€75,Kildare
Nintendo FAMICOM N8 FC Everdrive! Store 1000s of Game ROMs and NES HACKS!!! Blue #2DS4,€110,Kildare
CLEARANCE SALE!! Mini FAMICOM / Nintendo Clone ---Limited Amount Available--- OVER 590 Built-in 8-Bit NES Games! HDMI,€59,Kildare
For Nes game captain skyhawk,€25,Limerick City
621 Games in 1 Classic Mini Game Console for NES Retro TV HDMI Gamepads Nintendo,€34.99,Ballymount
Nintendo NES console and mario game,€90,Cloonfad
"NES EVERDRIVE N8 for Nintendo Entertainment System, plays games from  ALL REGIONS!",€99,Kildare
Mini Super Nes Retro Gaming Clone Console North American SNES Style Case - 30 Built-in Games + Micro SD Card SLOT!,€99,Kildare
Nintendo FAMICOM N8 FC Everdrive! Store 1000s of Game ROMs and NES HACKS!!!,€110,Kildare
Nintendo nes boxed with games,€135,Watergrasshill
Free Post Now Included  Karuki Quantum Fighter Boxed Nes Game For Sale Here,€40,Cork City Centre
CLEARANCE SALE!! Mini FAMICOM / Nintendo Clone ---Limited Amount Available--- OVER 590 Built-in 8-Bit NES Games! HDMI,€59,Kildare
CLEARANCE SALE!! Mini FAMICOM / Nintendo Clone ---Limited Amount Available--- OVER 590 Built-in 8-Bit NES Games! HDMI,€59,Kildare
CLEARANCE SALE!! Mini FAMICOM / Nintendo Clone ---Limited Amount Available--- OVER 590 Built-in 8-Bit NES Games! HDMI,€59,Kildare
title,price,location
Super NES Nintendo Scope Receive with Game,€25,Portlaoise
149 Games PS Classic Playstation Classic Mini With SNES NES Genesis,€80,Kilbeggan
Gameboy style NES handheld 168 games,€13,Lucan
HDMI Mini Nes Clone Console with OVER 616 Oldskool Retro Games!!!!,€75,Kildare
Nintendo Nes Game Totally Rad boxed,€35,Gorey
Nintendo Nes Game Totally Rad boxed,€35,Gorey
Nintendo Nes Game Totally Rad boxed,€35,Gorey
620 games in 1 Retro nes games console.,€40,Enniscorthy
Mega Drive Fifa 95 and NES The Punisher Games,€10,Portlaoise
HDMI Mini Nes Clone Console with OVER 616 Oldskool Retro Games!!!!,€75,Kildare
NES Mini BIG G 1004 games Official NES Mini Nintendo Classic Console,€100,Kilbeggan
Castlevannia Simon's Quest Video Game for Nintendo NES PAL,€40,Gorey
Mini NES 620 Games,€55,Portlaoise
"Games 1985 , Nintendo Entertainment System NES",€45,Portlaoise
Nintendo NES - Game - World Wrestling - Cart Only,€10,Wexford Town
Nintendo NES Game Bundle And Two Carey Cases,€275,Gorey
Mini Nes HDMI Clone Console with OVER 585 Games!!! ---Limited Amount Available---,€75,Kildare
Nintendo FAMICOM N8 FC Everdrive! Store 1000s of Game ROMs and NES HACKS!!! Blue #2DS4,€110,Kildare
CLEARANCE SALE!! Mini FAMICOM / Nintendo Clone ---Limited Amount Available--- OVER 590 Built-in 8-Bit NES Games! HDMI,€59,Kildare
For Nes game captain skyhawk,€25,Limerick City
621 Games in 1 Classic Mini Game Console for NES Retro TV HDMI Gamepads Nintendo,€34.99,Ballymount
Nintendo NES console and mario game,€90,Cloonfad
"NES EVERDRIVE N8 for Nintendo Entertainment System, plays games from  ALL REGIONS!",€99,Kildare
Mini Super Nes Retro Gaming Clone Console North American SNES Style Case - 30 Built-in Games + Micro SD Card SLOT!,€99,Kildare
Nintendo FAMICOM N8 FC Everdrive! Store 1000s of Game ROMs and NES HACKS!!!,€110,Kildare
Nintendo nes boxed with games,€135,Watergrasshill
Free Post Now Included  Karuki Quantum Fighter Boxed Nes Game For Sale Here,€40,Cork City Centre
CLEARANCE SALE!! Mini FAMICOM / Nintendo Clone ---Limited Amount Available--- OVER 590 Built-in 8-Bit NES Games! HDMI,€59,Kildare
CLEARANCE SALE!! Mini FAMICOM / Nintendo Clone ---Limited Amount Available--- OVER 590 Built-in 8-Bit NES Games! HDMI,€59,Kildare
CLEARANCE SALE!! Mini FAMICOM / Nintendo Clone ---Limited Amount Available--- OVER 590 Built-in 8-Bit NES Games! HDMI,€59,Kildare
title,price,location
Mini Nes Retro Classic Favourites! Hdmi Clone 599+ Games!!,€75,Kildare
Nintendo FAMICOM N8 FC Everdrive! Flashcart for 1000s of Game ROMs and NES HACKS!!!,€110,Kildare
Robocop NES Game,€20,Carpenterstown
CLEARANCE SALE!! Mini FAMICOM / Nintendo Clone ---Limited Amount Available--- OVER 590 Built-in 8-Bit NES Games! HDMI,€59,Kildare
Free Post Now Available Mario Bros 2 Top Nes Game Cart For Sale Here,€28,Cork City Centre
NES Game Marble Madness,€12,Nenagh
Retro TV Video Game Console For Nes 8 bit Games For Nes Games with Two Gamepads and 400 in 1 Cartridge Megadrive SNES NES Games Different,€24,Dublin 7
HDMI Mini Nes / Nintendo Clone With OVER 616 Classic Retro Games!!,€72,Kildare
Nintendo FAMICOM N8 FC Everdrive! Store 1000s of Game ROMs and NES HACKS!!! Blue #2DS4,€110,Kildare
Free Post Included Only One Available Boxed Trojan Top Rare Nes Game For Sale Here,€50,Cork City Centre
Free Post Now Included in Price  Last one Available Super Mario Bros Top Nes Game For Sale Here,€24,Cork City Centre
Mini Nes HDMI Clone Console with OVER 599 Games!!! ---Limited Amount Available---,€99,Kildare
Mini Super Nes Retro Gaming Clone Console North American SNES Style Case - 30 Built-in Games + Micro SD Card SLOT!,€99,Kildare
Mini Nes HDMI Clone Console with OVER 599 Games!!! ---Limited Amount Available---,€69,Kildare
FREE POST! HDMI Mini Nes Clone Console with OVER 616 Oldskool Retro Games!!!!,€75,Kildare
NES 620 game retro console,€35,Blanchardstown
Nintendo FAMICOM N8 FC Everdrive! Store 1000s of Game ROMs and NES HACKS!!!,€110,Kildare
Mini Super Nes Retro Gaming Clone Console North American SNES Style Case - 30 Built-in Games + Micro SD Card SLOT!,€99,Kildare
retro gaming bunde! NES/sinclair zx+2/pong,€250,Blackrock
Nes game solstice complete,€40,Limerick City
169 Games Top 40 PS Classic Playstation Classic Mini With SNES NES Genesis Retro,€90,Kilbeggan
Mini Nes HDMI Clone Console with OVER 599 Games!!! ---Limited Amount Available---,€69,Kildare
Nintendo Nes Castlevania Simon's Quest game.,€30,Gorey
"Team Retrobox 12000 Game Console, SNES,NES,SEGA,ATARI etc.",€150,Balbriggan
CLEARANCE SALE!! Mini FAMICOM / Nintendo Clone ---Limited Amount Available--- 600 Built-in 8-Bit NES Games! HDMI,€59,Kildare
Free Post Now Included  California Games Top NES Game Cart For Sale Sale,€14,Cork City Centre
Nintendo FAMICOM N8 FC Everdrive! Store 1000s of Game ROMs and NES HACKS!!!,€110,Kildare
Mini Nes HDMI Clone Console with OVER 599 Games!!! ---Limited Amount Available---,€99,Kildare
New AV Port Retro Mini TV Handheld Family Recreation Video Game Console Built-in 620 Classic Games Dual Gamepad Gaming Player SNES NES Megadrive Retro Games,€29,Dublin 7
Mini NES Children Handheld Game Console,€10,Santry
title,price,location
CLEARANCE SALE!! Mini FAMICOM / Nintendo Clone ---Limited Amount Available--- 600 Built-in 8-Bit NES Games! HDMI,€59,Kildare
Nes game battle of Olympus complete,€40,Limerick City
Nintendo FAMICOM N8 FC Everdrive! Store 1000s of Game ROMs and NES HACKS!!!,€110,Kildare
CLEARANCE SALE!! Mini FAMICOM / Nintendo Clone ---Limited Amount Available--- 600 Built-in 8-Bit NES Games! HDMI,€59,Kildare
FREE POST! HDMI Mini Nes Clone Console with OVER 616 Oldskool Retro Games!!!!,€75,Kildare
FREE POST! HDMI Mini Nes Clone Console with OVER 616 Oldskool Retro Games!!!!,€75,Kildare
4 x NES Nintendo Entertainment System Games,€49,Dooradoyle
Brand New Sealed NES Game Top Gun,€28,Raheen
Mini Nes HDMI Clone Console with OVER 599 Games!!! ---Limited Amount Available---,€69,Kildare
Mini Nes Retro Classic Favourites! Hdmi Clone 599+ Games!!,€75,Kildangan
Mini Nes HDMI Clone Console with OVER 599 Games!!! ---Limited Amount Available---,€79,Kildare
Free Post Now Included   Punch Out Top Nes Game Cart For Sale Here,€24,Cork City Centre
For sale job lot of Nintendo nes games,€35,Limerick City
Faxanadu Top Nes Game Cart For Sale Here,€24,Cork City Centre
OVER 140 GAMES!! Multi-Cart 8 Bit 72 Pin NES Nintendo PAL NTSC Game Cart Cartridge with Memory Function Battery Game Save,€35,Kildare
Mini Nes HDMI Clone Console with OVER 617 Games!!! ---Limited Amount Available---,€69,Kildare
"NES EVERDRIVE N8 for Nintendo Entertainment System, plays games from  ALL REGIONS! #0KD2",€99,Kildare
OVER 140 GAMES!! Multi-Cart 8 Bit 72 Pin NES Nintendo PAL NTSC Game Cart Cartridge with Memory Function Battery Game Save,€35,Kildare
CLEARANCE SALE!! Mini FAMICOM / Nintendo Clone ---Limited Amount Available--- 600 Built-in 8-Bit NES Games! HDMI,€59,Kildare
Pocket Handheld Mini NES With CARTRIDGE SLOT and 231 GAMEs With Battery Save Function!,€69,Kildangan
FREE POST! HDMI Mini Nes Clone Console with OVER 616 Oldskool Retro Games!!!!,€75,Kildare
Pocket Handheld Mini NES With CARTRIDGE SLOT and 231 GAMEs With Battery Save Function!,€69,Kildangan
Nintendo FAMICOM N8 FC Everdrive! Store 1000s of Game ROMs and NES HACKS!!!,€110,Kildare
Cheap Nintendo Nes games fast sale need gone asp,€35,Limerick City
6 nes games and  2 controllers,€60,Letterkenny
Mini Nes HDMI Clone Console with OVER 599 Games!!! ---Limited Amount Available---,€99,Kildare
"PLAY 1000s of Nintendo Entertainment System, games from ALL REGIONS! NES EVERDRIVE N8 #3AK4",€99,Kildare
Nintendo FAMICOM N8 FC Everdrive! Store 1000s of Game ROMs and NES HACKS!!!,€110,Kildare
"Play 1000s Of Nintendo Entertainment System, Games From All Regions! Nes Everdrive N8 Transparent Blue Case No Copyrighted Content Included",€99,Kildare
Nintendo NES Action Set + Game Genie,€150,Edenderry
title,price,location
OVER 140 GAMES!! Multi-Cart 8 Bit 72 Pin NES Nintendo PAL NTSC Game Cart Cartridge with Memory Function Battery Game Save,€35,Kildare
Mini Retro Gaming Console ---Limited Amount Available--- OVER 612 Built-in 8-Bit NES GAMES! NOT SNES,€59,Kildare
Free Post Included Kabuki Quantum Fighter Top NES Game For Sale Here,€24,Cork City Centre
Last One Available Like New Nintendo Nes Game Controller For Sale Here,€24,Cork City Centre
Mini Nes Clones with OVER 450 Built-in Classic Retro Games!,€49,Kildare
143-in-1 8 Bit 72 Pin NES Nintendo PAL NTSC Game Cart Cartridge with Memory Function Battery Game Save,€35,Kildare
"NES EVERDRIVE N8 for Nintendo Entertainment System, plays games from  ALL REGIONS!",€99,Kildare
OVER 140 GAMES!! Multi-Cart 8 Bit 72 Pin NES Nintendo PAL NTSC Game Cart Cartridge with Memory Function Battery Game Save,€35,Kildare
"Team Retrobox Game Console, SNES,NES,SEGA,ATARI etc.",€75,Tuam
Free Post Now Included Boxed TROJAN Top Nes Game For Sale Here,€34,Cork City Centre
Large Selection of Top NES Game Carts 12 Euro Any 2 for 20 Euro For Sale Here,€12,Cork City Centre
Classic 620 Built-in Games Mini Vintage SNES NES Megadrive Falcon Mega Drive Retro TV Game Console with 2 Controllers,€29,Dublin 7
Retro Classic Family HD TV Game Console Built-in 620 Games with 2 Controllers Snes Nes Mega drive,€29,Dublin 7
Nes game paperboy 2 classic,€40,Limerick City
Family TV Game Classic Retro 30 Anniversary Video Game Children's Handheld Game Console With 400 Retro Different Megadrive SNES NES ect Games,€24,Dublin 7
143-in-1 8 Bit 72 Pin NES Nintendo PAL NTSC Game Cart Cartridge with Memory Function Battery Game Save,€35,Kildare
OVER 140 GAMES!! Multi-Cart 8 Bit 72 Pin NES Nintendo PAL NTSC Game Cart Cartridge with Memory Function Battery Game Save,€35,Kildare
Rare Nes game battle toads complete,€100,Limerick City
Nes games,€85,Rathfarnham
143-in-1 8 Bit 72 Pin NES Nintendo PAL NTSC Game Cart Cartridge with Memory Function Battery Game Save,€35,Kildare
Nintendo FAMICOM N8 FC Everdrive! Store 1000s of Game ROMs and NES HACKS!!!,€110,Kildare
Official Super Nintendo SNES Classic Mini Super NES Mini Oldskool Gaming Retro Classics - FREE Optional Extra 100+ Games!,€149,Kildare
Official Super Nintendo SNES Classic Mini Super NES Mini Oldskool Gaming Retro Classics,€135,Kildare
Ideal Christmas Present HDMI Mini Nes / Nintendo Clone with Over 550 Games!!,€69,Kildangan
xbox one game call of duty infinite warfare ne,€6,Letterkenny
New NES to Famicom Adapter Converter 72 pin to 60 pin Brand New Good Quality,€15.99,Ballymun
Brand New NES Style USB Controller Gaming JoyStick Joypad For PC Computer Laptop,€9,Merlin
Nintendo NES - Top Gun The Second Mission - Complete,€18,Wexford Town
IT Cosmetics Palette   New and Boxed,€25,Pallasgreen
Mega Man 2 NES,€40,Limerick City
title,price,location
Free Post Included The Legend of Zelda A Link Between Worlds,€26,Cork City Centre
Big Nintendo wii bundle,€180,Cloonfad
"Mini Puzzle Game Classic Retro Game Console With OVER 8,000 Games!! TETRIS, Dr. Mario, Earthbound, Mother, Pokemon, Final Fantasy RPGs And Many More!! (Brand New)",€120,Kildare
"Mini HDMI Classic Retro Game Console With OVER 8,000 Games!! (Brand New)",€120,Kildare
"Mini HDMI Classic Retro Game Console With OVER 8,000 Games!! (Brand New)",€120,Kildare
Fade to Black PC CD Rom Game Big Box Version Complete with Manual,€10,Dooradoyle
Arcade Cabinet,"€1,200",Castletroy
NEW - Air Conflicts Collection - Nintendo Switch Game,€23,Dungarvan
NEW - Hell Warders - Nintendo Switch Game,€29,Dungarvan
NEW - Darksiders Genesis - Nintendo Switch Game,€33,Dungarvan
NEW - Battle Worlds: Kronos - Nintendo Switch Game,€22,Dungarvan
Rare Mattel Super Mario Bros Nintendo NES PAL BOXED,€80,Gorey
NEW - Star Wars Pinball - Nintendo Switch Game,€24,Dungarvan
NEW - This is the Police 2 - Nintendo Switch Game,€21,Dungarvan
NEW - Trials Rising  Gold Edition - Nintendo Switch Game,€21,Dungarvan
NEW - SNK HEROINES Tag Team Frenzy - Nintendo Switch Game,€24,Dungarvan
NEW - Flashback  Nintendo Switch Game,€23,Dungarvan
Super Nintendo SNES Controller Nintendo Switch Online Europe New,€55,Dungarvan
Nintendo 3DS XL (Zelda - Majora's Mask Limited Edition),€250,Stepaside
Retro Game Console with 100+ Games & 2 Controllers + BATTERY SAVE Function!!,€39,Kildare
"Mini HDMI Classic Retro Game Console With OVER 8,000 Games!! (Brand New)",€120,Kildare
"Mini HDMI Classic Retro Game Console With OVER 8,000 Games!! (Brand New)",€120,Kildare
Super Mario Maker for Nintendo 3DS,€25,Dungarvan
Super Mario 3D Land for Nintendo 3DS,€22,Dungarvan
Game Key Adapter for the Original Nintendo NES NTSC games,€20,Mullingar
Nascar Racing 1 - 1994 Racing Pc Game - Fast Post- Original Rare Big Box Edition,€15,Dooradoyle
11 x Sega Megadrive Game Cartridges,€155,Dooradoyle
Track Attack PC Big Box Computer Game IBM Windows Vintage Complete CD-Rom,€10,Dooradoyle
U.s Navy Fighters Pc Cd-rom Big Box Game Ibm Pc By Ea 1994,€15,Dooradoyle
THE DIG Pc Cd Rom LucasArts White Label BIG BOX,€10,Dooradoyle
title,price,location
"Aces Over Europe for PC 3.5"" in Big Box by Sierra On-Line, 1993",€15,Dooradoyle
F1 Racing Simulation Pc Big Box,€10,Dooradoyle
Flying Corps Gold Edition 1997 Big Box Pc,€10,Dooradoyle
Grandprix Grand Prix 3 by Geoff Crammond F1 PC Windows Big Box,€10,Dooradoyle
"Mega 3 Pak, Carmageddon, Ecstatica 2, X-Com Apocalypse, (PC, 1998), Big Box",€10,Dooradoyle
Shivers Pc CD Sierra Original Big Box,€12,Dooradoyle
Medal of Honor Rising Sun - Nintendo GameCube Game,€10,Dooradoyle
Bluetooth Wireless Joystick Gamepad Controller Remote For iOS Android VR Ultra,€8.50,Merlin
Bluetooth Wireless Joystick Gamepad Controller Remote For iOS Android VR iPhone,€8.50,Merlin
Wembley International Soccer Original Commodore Amiga Game,€9,Dooradoyle
"Mini Puzzle Game Classic Retro Game Console With OVER 8,000 Games!! TETRIS, Dr. Mario, Earthbound, Mother, Pokemon, Final Fantasy RPGs And Many More!! (Brand New)",€120,Kildare
"Mini HDMI Classic Retro Game Console With OVER 8,000 Games!! (Brand New)",€120,Kildare
Commodore AMIGA VISION Authoring System Interactive Multimedia Software,€35,Dooradoyle
The Helm Adventure for ZX-Spectrum 48K Rare 1985 Cassette,€5,Dooradoyle
"Mini HDMI Classic Retro Game Console With OVER 8,000 Games!! (Brand New)",€120,Kildare
Sega Rally for the Saturn,€7,Kilmeadan
New NES to Famicom Adapter Converter 72 pin to 60 pin Brand New Good Quality #58,€16.99,Ballymun
2 year of DynDNS service.,€10,Killaloe
Retro box,€60,Annaghdown
4 x Sony Playstation PS1 games,€38,Dooradoyle
Pocket Nintendo Portable Console with NES Cartridge Slot! #9PR4,€49,Kildangan
Fifth for games writing on ZX-Spectrum 1983,€10,Dooradoyle
Commodore Amiga boxed games lot,€89,Dooradoyle
Nintendo 2DS Jailbroken CFW 3DS games 16GB Memory Card,€69,Dooradoyle
Game Saves Supported! Retro Game Cart Shaped Console with Over 111 x 8-Bit Games & 2 Controllers!!,€45,Kildare
ULTISYNTH MUSIC PROCESSOR by Quicksilva For Commodore C64 Cassette with Instructions,€10,Dooradoyle
Big Nintendo wii bundle,€180,Dunmore
Deluxepaint IV for Commodore Amiga,€35,Dooradoyle
Workbench 3.0 for Commodore Amiga + Book,€25,Dooradoyle
Microsoft Windows for Workgroups 3.11 full set,€15,Dooradoyle
title,price,location
New Honey Bee Famicom to NES Converter Adapter 60 pin to 72 pin Good Quality #418,€19.99,Ballymun
"Mini HDMI Classic Retro Game Console With OVER 8,000 Games!! (Brand New)",€120,Kildare
Fears - Commodore Amiga A1200 Game,€10,Dooradoyle
Retro Game Console with 100+ Games & 2 Controllers + BATTERY SAVE Function!!,€39,Kildare
"Mini Puzzle Game Classic Retro Game Console With OVER 8,000 Games!! TETRIS, Dr. Mario, Earthbound, Mother, Pokemon, Final Fantasy RPGs And Many More!! (Brand New)",€120,Kildare
Mini Retro Gaming Console ---Limited Amount Available--- OVER 616 Built-in 8-Bit Games!,€59,Kildare
Nes NTSC Mario is Missing,€20,Clonee
Mini Retro Gaming Console ---Limited Amount Available--- OVER 590 Built-in Games!,€65,Kildare
New Nintendo 3DS XL 128gb Jailbroken Modded,€165,Dooradoyle
Mini Retro Gaming Console ---Limited Amount Available--- OVER 616 Built-in 8-Bit Games!,€69,Kildangan
ON SALE! HDMI Mini Retro Gaming Console Clone ---Limited Stock Available--- OVER 616 Built-in Games!,€65,Kildare
"Mini HDMI Classic Retro Game Console With OVER 8,000 Games!! (Brand New)",€120,Kildare
Retro 8 bit handheld console,€10,Athlone
Jabra Easygo Bluetooth headset,€10,Athlone
"Mini HDMI Classic Retro Game Console With OVER 8,000 Games!! (Brand New)",€120,Kildare
THE MESSENGER - Nintendo Switch - Special Reserve Games SRG,€85,Dungarvan
Mini Retro Gaming Console ---Limited Amount Available--- OVER 590 Built-in Games!,€65,Kildare
Mini Retro Gaming Console ---Limited Amount Available--- OVER 616 Built-in 8-Bit Games!,€59,Kildare
HDMI Mini Retro Gaming Console Clone Famiclone ---Limited Stock Available--- OVER 599 Built-in Games!,€65,Kildare
Anbernic RG350 Best Handheld Console with Retro Games Emulators,€75,Dooradoyle
Over 580 Built-in 8-Bit Games! HDMI+AV OUT Mini Classic FAMICOM / Nintendo Clone ---Limited Amount Available---,€65,Kildare
NEW - Bendy and the Ink Machine - Nintendo Switch Game,€33,Dungarvan
NEW Adventure Time - Pirates of Enchiridion Nintendo Switch Game,€25,Dungarvan
NEW The Raven Remastered - Nintendo Switch Game,€24,Dungarvan
Just Dance Bundle for Nintendo Wii and Wii U,€40,Dungarvan
"Mini HDMI Classic Retro Game Console With OVER 8,000 Games!! (Brand New)",€120,Kildare
Mini Retro Gaming Console ---Limited Amount Available--- OVER 616 Built-in 8-Bit Games!,€59,Kildare
Super Mario Bros 3 Nintendo Nes,€14,Dooradoyle
ARMS for Nintendo Switch,€36,Dungarvan
"Mini Puzzle Game Classic Retro Game Console With OVER 8,000 Games!! TETRIS, Dr. Mario, Earthbound, Mother, Pokemon, Final Fantasy RPGs And Many More!! (Brand New)",€120,Kildare
title,price,location
"Mini HDMI Classic Retro Game Console With OVER 8,000 Games!! (Brand New)",€120,Kildare
Nintendo NES Console,€38,Dooradoyle
Arcade Cabinet,"€1,350",Castletroy
nintendo NES and gun,€75,Drogheda
Retro Game Console with 100+ Games & 2 Controllers + BATTERY SAVE Function!!,€39,Kildare
Mini Retro Gaming Console ---Limited Amount Available--- OVER 590 Built-in Games!,€65,Kildare
Jakks Pacific Pokemon Pokedex 2007 Rare,€49,Dooradoyle
Sony Playstation 2 Jailbroken with HDD and Lots of Games,€99,Dooradoyle
Nintendo mini NES,€70,Limerick City
Original Sega Megadrive,€54,Dooradoyle
Super Mario World SNES,€15,Dooradoyle
Fully Working Original Nintendo Entertainment System NES UK,€130,Portlaoise
Pocket NES Portable Console - Play the Original NES Cartridges ON THE GO!! Or Connect to your TV!,€60,Kildare
Xbox Original OG XBOX Modded Jailbroken with 2TB hdd 800+ games,€173,Dooradoyle
"Mini HDMI Classic Retro Game Console With OVER 8,000 Games!! (Brand New)",€120,Kildare
BATTERY SAVE 8-Bit Retro Game Console with 100+ Games & 2 Controllers #1MX2,€39,Kildare
EARTHLOCK - Nintendo Switch - Super Rare Games,€75,Dungarvan
EZ Flash Junior Flashcart - Gameboy GB Color GBC GBA,€39,Dooradoyle
ridge racer type 4 ps1 pal + bonus high-spec demo disc,€12,Dooradoyle
Soulblade ps1 pal,€12,Dooradoyle
In Cold Blood ps1 pal,€12,Dooradoyle
NES Bundle,€25,Carrickmacross
Captain Planet and the Planeteers + Box (NES),€20,Cork City Centre
PS4 Games,€20,Ardee
Mini SNES / Nintendo Clone - North American Style Case ---Limited Amount Available--- OVER 370 Built-in 8-Bit Games! #7XZ3,€49,Kildare
Sony Playstation PS1 PSX Chipmodded Jailbroken Rare,€62,Dooradoyle
Emulators,€150,Donaghmede
Ps4 game bundle,€80,Knocknacarra
Mini SNES / Nintendo Clone - North American Style Case ---Limited Amount Available--- OVER 370 Built-in 8-Bit Games! #7XZ3,€49,Kildare
Battletoads GB,€12,Stoneybatter
title,price,location
For sale Nintendo NES,€100,Limerick City
NEW - For the King - Nintendo Switch Game,€22,Dungarvan
HDMI Mini Retro Gaming Console Clone Famiclone ---Limited Stock Available--- OVER 590 Built-in Games!,€65,Kildare
Gameboy Advance SP + Games,€75,Knocknacarra
playstation 2 Games,€2,Ardee
Last One Available Reduced Postal Price NBA Court Side Boxed Nintendo 64 Game For Sale Here,€13,Cork City Centre
NEW Gal Gun 2 Game for Nintendo Switch,€28,Dungarvan
Mini Retro Gaming Console ---Limited Amount Available--- OVER 590 Built-in Games!,€65,Kildare
Mini Retro Gaming Console ---Limited Amount Available--- OVER 616 Built-in 8-Bit Games!,€59,Kildare
Mini Retro Gaming Console ---Limited Amount Available--- OVER 616 Built-in 8-Bit Games! #6MS3,€49,Kildare
PS3 Game Bundle,€90,Knocknacarra
Original Xbox with games,€111,Dooradoyle
Megadrive Mini (Jailbreak 8.2) NES SNES Sega32X and Megadrive,€150,Edenderry
Selection of Nintendo Gamecube Items.,€350,Tyrrelstown
Screwdriver Security Tool for Nintendo SNES N64 GameCube Console 3.8 & 4.5mm,€5.80,Stranorlar
Nintendo Entertainment System + Games + Accessories,€68,Cork City Centre
NEW Cars 3 Driven to Win by Disney for Nintendo Switch,€25,Dungarvan
NEW Super Mario Maker 2 Nintendo Switch,€45,Dungarvan
Nintendo Nes,€120,Bunclody
2 x Wired USB Controller PC Snes Style in box,€25,Raheny
Commodore Amiga 512K of FAST RAM memory expansion Amplus-M isssue 1 for A500/+,€14,Dooradoyle
Commodore VIC-20 Boxed with 3K Ram Superexpander,€88,Dooradoyle
USB game controller Raspberry Pi Retropie mini emu,€10,Cork City Centre
20m G-Shield-CAT7-Flat-Ethernet-RJ45-10Gbps-Ultra-Thin-LAN-Network-Patch-Cable,€18,Santry
Terminator 2 C64 Cartridge only for Commodore 64 PAL version,€33,Dooradoyle
Commodore Amiga Amos Bundle / Easy Amos Boxed Original,€45,Dooradoyle
Mini Retro Gaming Console ---Limited Amount Available--- OVER 590 Built-in Games!,€65,Kildare
Top Trumps Adventures Vol 1 Game Sony PS2 Playstation 2 consoles Factory SEALED,€5,Dooradoyle
2 Batman Movies Boxset ! Blu Ray ! The Dark Knight + Batman Begins !,€10,Tullamore
Mini Retro Gaming Console ---Limited Amount Available--- OVER 616 Built-in 8-Bit Games!,€69,Kildangan
title,price,location
"Sony Playstation TV Jailbroken Enso Henkaku CFW 3.60, 128Gb UX0",€140,Dooradoyle
Commodore C64/C128 The Music System from Rainbird,€33,Dooradoyle
"Sony PS Vita Boxed Jailbroken Enso Henkaku CFW 3.65, 128Gb SD2VITA, 6 x Gamecarts",€195,Dooradoyle
BATTERY SAVE 8-Bit Retro Game Console with 100+ Games & 2 Controllers #3JL7,€39,Kildare
Wizardry C64 Commodore 64 Tape Cassete,€9,Dooradoyle
Pocket NES Portable Console FREE POST!!,€60,Kildangan
Pocket NES Portable Console FREE POST!!,€60,Kildangan
Pocket Nintendo Portable Console with NES Cartridge Slot! #6DF4,€49,Kildare
Nintendo DS Media transfer kit,€12,Kilmeadan
HDMI Mini Retro Gaming Console Clone Famiclone ---Limited Stock Available--- OVER 590 Built-in Games!,€65,Kildare
Topps: Jim Wynn ! 1972 ! Psa Graded ! Nm 7 ! Near Mint !,€19,Tullamore
C64 Special Action - Ocean - 5 Games including Captain Blood & The Vindicator,€10,Dooradoyle
"Mini HDMI Classic Retro Game Console With OVER 8,000 Games!! (Brand New)",€120,Kildare
Nintendo NES mini clone,€20,Edenderry
CLEARANCE SALE!! Mini Retro Gaming Console ---Limited Amount Available--- 400 Built-in 8-Bit Games!,€49,Kildangan
Everdrive for Nintendo Game Boy + GameBoy Colour Back-up 1000s of GB / GBC Games!!,€75,Kildare
"Pocket NES Cartridge Portable Console, Use On The Go or Connect to your TV!",€59,Kildare
"60 x Sony Playstation 2 Games Lot, No Split",€146,Dooradoyle
ZX Spectrum Datel Genius Mouse Interface,€18,Dooradoyle
BATTERY SAVE 8-Bit Retro Game Console with 100+ Games & 2 Controllers PLUG & PLAY!,€39,Kildare
6 x Sony Playstation 2 Playable demo discs,€18,Dooradoyle
Mini SNES / Nintendo Clone ---Limited Amount Available--- Over 606 Built-in 8-Bit Games! #6OA3,€49,Kildare
28 x Sony Plastation Magazine Playable Demo Discs,€89,Dooradoyle
Nintendo Game Boy Advance GBA lot of 5 x Games,€24,Dooradoyle
RG300 IPS Version Emulation Arcade Retro Handheld with 32GB card,€55,Dooradoyle
LAST ONE!! Mini FAMICOM / Nintendo Clone ---Limited Amount Available--- 600 Built-in 8-Bit Games! HDMI #2MW0,€55,Kildangan
"Mini HDMI Classic Retro Game Console With OVER 8,000 Games!! (Brand New)",€120,Kildare
Digi-view Gold Video Digitizer for Commodore Amiga Computers,€50,Dooradoyle
VIDI RGB Commodore AMIGA Rombo Video Frame Grabber Splitter Bundle,€99,Dooradoyle
24 x 3DS/NDS lot of games,€85,Dooradoyle
title,price,location
Arcade Cabinet Bartop,€950,Castletroy
101 x Sony Playstation PS1 games,€198,Dooradoyle
"Commodore Amiga 2.5"" Ide Hard Drive Cable",€5,Dooradoyle
"Sinclair ZX Spectrum +3, +2A, +2B High Quality RGB Scart Video Cable TV Lead",€15,Dooradoyle
Sony Playstation 1 PS1 PSONE PSX,€32,Dooradoyle
SNES Game Console,€44,Dooradoyle
Mini Retro Gaming Console ---Limited Amount Available--- OVER 616 Built-in 8-Bit Games!,€69,Kildangan
Sony Playstation Portable PSP Jailbroken CFW Custom FW 6.61 PRO-C2 + 32gb memory card,€55,Dooradoyle
Mini Retro Gaming Console ---Limited Amount Available--- OVER 616 Built-in 8-Bit Games!,€69,Kildangan
HDMI Mini Retro Gaming Console Clone Famiclone ---Limited Stock Available--- OVER 590 Built-in Games!,€65,Kildare
Brand New Retro Gaming USB Wired Controller Gamepad Joystick for PC Laptop Accesories,€12,Merlin
Mini FAMICOM / Nintendo Clone ---Limited Amount Available--- OVER 580 Built-in Games!,€60,Kildare
Brand New Bluetooth Wireless Joystick Gamepad Controller Remote For iOS Android VR TV Phones Gadget,€11,Merlin
Brand New Bluetooth Wireless Joystick Gamepad Controller Remote For iOS Android VR TV Phones Gadget,€11,Merlin
The Hunger Games Mockingjay by Suzanne Collins Paperback Book Paperback First Edition 18th Printing  The book over all is in good condition    Post 6.50 euro    Make sure to click follow user so that way you will get a notification every time i list an ne,€8,Tralee
"DigitCont Plug & Play Classic Mini Console, Built-in with 620 Classic Retro Games Dual Players Mode Console PAL NTSL Support TV Output Bring Back Childhood Memory",€59,Dublin 1
Nintendo collection,"€1,500",Ballincollig
Nintendo massive collection,€200,Ballincollig
Nintendo NES Megaman 2,€25,Beaumont
Nintendo NES Control Deck - Fully Boxed,€150,Tallaght
Arcade Bartop,€850,Castletroy
boxed nintendo famicom games.,€120,Castlecomer
Super retro trio,€60,Cork City Centre
arcade,"€1,199",Ashington
Arcade Bartop,€850,Castletroy
Low G Man  Nintendo NES,€18,Glasnevin
PS2 modding,€7,Finglas
